item,itemLabel,startDate,endDate,psid
Q108163613,Nizar Ben Néji,2021-08-02,,Q108163613-E2C1C66B-158C-401C-B97D-4A859160555D
Q16268984,El Hadj Gley,2007-09-03,2010-01-14,Q16268984-B8139A6A-9E42-4214-A345-9A16454926AD
Q16679067,Taoufik Jelassi,2014-01-29,2015-02-06,Q16679067-63FB3CCA-5DA8-4403-A695-7FB5D978D673
Q19629356,Sadok Rabah,2002-09-05,2004-11-10,Q19629356-5D9AC3E4-26FC-4285-9586-0654E86A8E8C
Q19955807,Noomane Fehri,2015-02-06,2016-08-27,Q19955807-D926FD05-2C4C-415A-BB41-CEC8D373DBD3
Q26834002,Anouar Maârouf,2016-08-27,2020-02-27,Q26834002-7B2705F6-B60B-41E1-9934-BA5ED5F38882
Q3318731,Mohamed Naceur,2010-01-14,2011-01-27,Q3318731-5D960FF2-03EE-45F5-A083-42F799C51E11
Q3320655,Mongi Marzouk,2011-12-24,2014-01-29,Q3320655-DC5D92C0-B8E7-4F5F-A6F8-6A4C6DB9F4C8
Q91669922,Mohamed Fadhel Kraiem,2020-02-27,2021-08-02,Q91669922-6B921D3C-3978-4C9E-A3A1-90E8E20EFFE0
